{
  "V1": {
    "mean": 0.0007952909219965229,
    "std": 1.9589255298471848,
    "min": -56.407509631329,
    "max": 2.45188848995359,
    "percentiles": {
      "10": -1.890970780356262,
      "25": -0.919893151175483,
      "50": 0.0186915573117941,
      "75": 1.31561627391253,
      "90": 2.01523384298617
    }
  },
  "V2": {
    "mean": -0.00048101368712968103,
    "std": 1.6490923774320627,
    "min": -72.7157275629303,
    "max": 22.0577289904909,
    "percentiles": {
      "10": -1.3600457844516338,
      "25": -0.598761001640722,
      "50": 0.0647457546302912,
      "75": 0.803875615818322,
      "90": 1.3254680673452341
    }
  },
  "V3": {
    "mean": -0.0003830223918743667,
    "std": 1.5152923493116084,
    "min": -48.3255893623954,
    "max": 9.38255843282114,
    "percentiles": {
      "10": -1.804494461402636,
      "25": -0.891766637752316,
      "50": 0.179858961819187,
      "75": 1.02645692339159,
      "90": 1.6749246552097903
    }
  },
  "V4": {
    "mean": -1.9722399732207016e-05,
    "std": 1.415867080006943,
    "min": -5.68317119816995,
    "max": 16.8753440335975,
    "percentiles": {
      "10": -1.6579371570294559,
      "25": -0.847111213376761,
      "50": -0.0213610887175061,
      "75": 0.742280802867782,
      "90": 1.4824307411896223
    }
  },
  "V5": {
    "mean": 0.00017458436851300495,
    "std": 1.3795691953418914,
    "min": -113.743306711146,
    "max": 34.8016658766686,
    "percentiles": {
      "10": -1.302824917401126,
      "25": -0.692100454686399,
      "50": -0.0547574096377213,
      "75": 0.611259048381747,
      "90": 1.4061667965279143
    }
  },
  "V6": {
    "mean": -0.0011711861719560278,
    "std": 1.3312177158079073,
    "min": -26.1605059358433,
    "max": 73.3016255459646,
    "percentiles": {
      "10": -1.168576753573996,
      "25": -0.768602751197204,
      "50": -0.274155744617213,
      "75": 0.397501149220253,
      "90": 1.5016783608685162
    }
  },
  "V7": {
    "mean": 7.673875737151125e-05,
    "std": 1.2384307367551535,
    "min": -43.5572415712451,
    "max": 120.589493945238,
    "percentiles": {
      "10": -1.0775780325173498,
      "25": -0.553481440862918,
      "50": 0.0404198324731304,
      "75": 0.570529822317328,
      "90": 1.0380650178374662
    }
  },
  "V8": {
    "mean": -0.00043392839690192727,
    "std": 1.1914819598824498,
    "min": -73.2167184552674,
    "max": 20.0072083651213,
    "percentiles": {
      "10": -0.45799163271577936,
      "25": -0.20783914219896,
      "50": 0.023218551781995,
      "75": 0.327824219431425,
      "90": 0.7669231881748811
    }
  },
  "V9": {
    "mean": 0.0007017569652427173,
    "std": 1.0973513033840427,
    "min": -13.4340663182301,
    "max": 15.5949946071278,
    "percentiles": {
      "10": -1.292381297729076,
      "25": -0.640306517683052,
      "50": -0.0506526086850341,
      "75": 0.598253635988681,
      "90": 1.3014469570988083
    }
  },
  "V10": {
    "mean": -0.00038944077517573866,
    "std": 1.0862519922318514,
    "min": -24.5882624372475,
    "max": 23.7451361206545,
    "percentiles": {
      "10": -1.032738797662518,
      "25": -0.535654778193467,
      "50": -0.0933317436055039,
      "75": 0.454469045739052,
      "90": 1.119371670714448
    }
  },
  "V11": {
    "mean": -0.0007872473742936233,
    "std": 1.0191997541575235,
    "min": -4.79747346479757,
    "max": 12.0189131816199,
    "percentiles": {
      "10": -1.289006461138688,
      "25": -0.761843960337052,
      "50": -0.0314193868116703,
      "75": 0.737457209591648,
      "90": 1.31663955987244
    }
  },
  "V12": {
    "mean": 0.0027181278900562443,
    "std": 0.9965089903822023,
    "min": -18.6837146333443,
    "max": 7.8483920756446,
    "percentiles": {
      "10": -1.1401444365927218,
      "25": -0.401592958069553,
      "50": 0.142380618660729,
      "75": 0.620147667313539,
      "90": 1.0172341773814082
    }
  },
  "V13": {
    "mean": -0.0004931216832033343,
    "std": 0.9941028954430133,
    "min": -5.79188120632084,
    "max": 7.12688295859376,
    "percentiles": {
      "10": -1.27959103100686,
      "25": -0.648607000104597,
      "50": -0.0143479540236512,
      "75": 0.661868063865084,
      "90": 1.250767641625906
    }
  },
  "V14": {
    "mean": -5.861749771665643e-05,
    "std": 0.9559931389909176,
    "min": -19.2143254902614,
    "max": 10.5267660517847,
    "percentiles": {
      "10": -1.004162234887724,
      "25": -0.425825472145244,
      "50": 0.0495710986739679,
      "75": 0.492066447421102,
      "90": 0.9806684600355445
    }
  },
  "V15": {
    "mean": 0.0007440645245214747,
    "std": 0.9151428262928746,
    "min": -4.49894467676621,
    "max": 8.87774159774277,
    "percentiles": {
      "10": -1.173414975356664,
      "25": -0.582648374831894,
      "50": 0.04840005739945,
      "75": 0.649548548196925,
      "90": 1.124862877974388
    }
  },
  "V16": {
    "mean": -0.0010699033997701789,
    "std": 0.8742433578288645,
    "min": -14.1298545174931,
    "max": 17.3151115176278,
    "percentiles": {
      "10": -1.059036684463278,
      "25": -0.469106736916682,
      "50": 0.0650799747975197,
      "75": 0.52152058025622,
      "90": 0.9886785207068715
    }
  },
  "V17": {
    "mean": 0.0003902482792092889,
    "std": 0.8442349436324496,
    "min": -25.1627993693248,
    "max": 9.25352625047285,
    "percentiles": {
      "10": -0.8037541672685657,
      "25": -0.483409172509861,
      "50": -0.0655496485351115,
      "75": 0.400098684744637,
      "90": 0.9083295602076613
    }
  },
  "V18": {
    "mean": 5.62369120942087e-05,
    "std": 0.8388737356526433,
    "min": -9.49874592104677,
    "max": 5.04106918541184,
    "percentiles": {
      "10": -0.976944645958926,
      "25": -0.499149960972147,
      "50": -0.0034841002724111,
      "75": 0.500424708139653,
      "90": 1.0211766217336729
    }
  },
  "V19": {
    "mean": 0.0006635111865565202,
    "std": 0.8139305782690953,
    "min": -7.21352743017759,
    "max": 5.57211332687969,
    "percentiles": {
      "10": -0.9864996154157821,
      "25": -0.455036189587168,
      "50": 0.0053506890019801,
      "75": 0.459781787058267,
      "90": 0.9547148142199432
    }
  },
  "V20": {
    "mean": -0.0009989386379944557,
    "std": 0.7708058974664721,
    "min": -54.497720494566,
    "max": 39.4209042482199,
    "percentiles": {
      "10": -0.3894356133951322,
      "25": -0.211651413842966,
      "50": -0.0626058757047481,
      "75": 0.132701764887488,
      "90": 0.44383251607210467
    }
  },
  "V21": {
    "mean": 0.0003697418725961345,
    "std": 0.7349625797557948,
    "min": -34.8303821448146,
    "max": 27.2028391573154,
    "percentiles": {
      "10": -0.36716151620892457,
      "25": -0.228249801407517,
      "50": -0.029280193706787,
      "75": 0.186364824699973,
      "90": 0.3753402912417602
    }
  },
  "V22": {
    "mean": 0.0003027067091011798,
    "std": 0.7257354976572984,
    "min": -10.933143697655,
    "max": 10.5030900899454,
    "percentiles": {
      "10": -0.8674729109582568,
      "25": -0.542055951132389,
      "50": 0.0065991874026585,
      "75": 0.52828208008986,
      "90": 0.9158768621127222
    }
  },
  "V23": {
    "mean": 5.038934129837947e-05,
    "std": 0.6274185480111415,
    "min": -44.8077352037913,
    "max": 22.5284116897749,
    "percentiles": {
      "10": -0.32879156271213617,
      "25": -0.161931891215309,
      "50": -0.0109828575173659,
      "75": 0.147588970649389,
      "90": 0.339601893520795
    }
  },
  "V24": {
    "mean": -0.00027727715710864406,
    "std": 0.6053216714098498,
    "min": -2.83662691870341,
    "max": 4.58454913689817,
    "percentiles": {
      "10": -0.870174336993161,
      "25": -0.354842567682657,
      "50": 0.0407781719769047,
      "75": 0.438965746502606,
      "90": 0.7051596946352237
    }
  },
  "V25": {
    "mean": -0.0006553962309823359,
    "std": 0.5212357386214591,
    "min": -10.2953970749851,
    "max": 6.07085038407798,